customer,country,region_code,region
ABRA GROUP,UNITED KINGDOM,E,Europe and CIS
ACCIPITER,IRELAND,E,Europe and CIS
ACES COLOMBIA,COLOMBIA,L,Latin America & Caribbean
ADRIA AIRWAYS,SLOVENIA,E,Europe and CIS
AEGEAN AIRLINES,GREECE,E,Europe and CIS
AER LINGUS,IRELAND,E,Europe and CIS
AER LINGUS UK,UNITED KINGDOM,E,Europe and CIS
AERCAP,NETHERLANDS,E,Europe and CIS
AERCAP IRELAND,IRELAND,E,Europe and CIS
AERDRAGON AVIATION PARTNERS,IRELAND,E,Europe and CIS
AERO DILI,EAST TIMOR,A,Asia-Pacific
AERO K,SOUTH KOREA,A,Asia-Pacific
AERO LLOYD,GERMANY,E,Europe and CIS
AERO MONGOLIA,MONGOLIA,A,Asia-Pacific
AERO NOMAD,KYRGYZSTAN,E,Europe and CIS
AEROFLOT,RUSSIAN FEDERATION,E,Europe and CIS
AEROLINEAS ARGENTINAS,ARGENTINA,L,Latin America & Caribbean
AEROSPACE TRADING HOLDING,UNITED ARAB EMIRATES,M,Middle East
AEROSTAR LEASING,SINGAPORE,A,Asia-Pacific
AERVENTURE,IRELAND,E,Europe and CIS
AFG AVIATION VENTURES NO. 1 (IRELAND),IRELAND,E,Europe and CIS
AFRIQIYAH AIRWAYS,LIBYA,F,Africa
AIGLE AZUR,FRANCE,E,Europe and CIS
AIR AFRIQUE,COTE D'IVOIRE,F,Africa
AIR ALBANIA,ALBANIA,E,Europe and CIS
AIR ALGERIE,ALGERIA,F,Africa
AIR ANKA,TURKEY,E,Europe and CIS
AIR ARABIA,UNITED ARAB EMIRATES,M,Middle East
AIR ARABIA ABU DHABI,UNITED ARAB EMIRATES,M,Middle East
AIR ARABIA EGYPT,EGYPT,F,Africa
AIR ARABIA MAROC,MOROCCO,F,Africa
AIR ASTANA,KAZAKHSTAN,E,Europe and CIS
AIR AUSTRAL,REUNION,E,Europe and CIS
AIR BERLIN,GERMANY,E,Europe and CIS
AIR BUSAN,SOUTH KOREA,A,Asia-Pacific
AIR CAIRO,EGYPT,F,Africa
AIR CAMBODIA,CAMBODIA,A,Asia-Pacific
AIR CANADA,CANADA,N,North America
AIR CARAIBES,FRANCE,E,Europe and CIS
AIR CHINA,CHINA,A,Asia-Pacific
AIR CHINA CARGO,CHINA,A,Asia-Pacific
AIR CHINA SOUTHWEST COMPANY,CHINA,A,Asia-Pacific
AIR CHINA ZHEJIANG COMPANY,CHINA,A,Asia-Pacific
AIR CORSICA,FRANCE,E,Europe and CIS
AIR COTE D'IVOIRE,COTE D'IVOIRE,F,Africa
AIR DECCAN,INDIA,A,Asia-Pacific
AIR EUROPA LINEAS AEREAS,SPAIN,E,Europe and CIS
AIR FRANCE,FRANCE,E,Europe and CIS
AIR FRANCE - KLM,FRANCE,E,Europe and CIS
AIR GREENLAND,GREENLAND,N,North America
AIR GUILIN,CHINA,A,Asia-Pacific
AIR HONG KONG,CHINA,A,Asia-Pacific
AIR INDIA,INDIA,A,Asia-Pacific
AIR INDIA EXPRESS,INDIA,A,Asia-Pacific
AIR INTER,FRANCE,E,Europe and CIS
AIR JAMAICA,JAMAICA,L,Latin America & Caribbean
AIR KG,KYRGYZSTAN,E,Europe and CIS
AIR MACAU,CHINA,A,Asia-Pacific
AIR MALTA,MALTA,E,Europe and CIS
AIR MAURITIUS,MAURITIUS,F,Africa
AIR NAMIBIA,NAMIBIA,F,Africa
AIR NEW ZEALAND,NEW ZEALAND,A,Asia-Pacific
AIR NIUGINI,PAPUA NEW GUINEA,A,Asia-Pacific
AIR ONE,ITALY,E,Europe and CIS
AIR SENEGAL,SENEGAL,F,Africa
AIR SEOUL,SOUTH KOREA,A,Asia-Pacific
AIR SERBIA,REPUBLIC OF SERBIA,E,Europe and CIS
AIR SEYCHELLES,SEYCHELLES,A,Asia-Pacific
AIR SIAL,PAKISTAN,A,Asia-Pacific
AIR TAHITI NUI,FRENCH POLYNESIA,A,Asia-Pacific
AIR TANZANIA,TANZANIA,F,Africa
AIR TRANSAT,CANADA,N,North America
AIR TRAVEL,CHINA,A,Asia-Pacific
AIR VANUATU,VANUATU,A,Asia-Pacific
AIRASIA,MALAYSIA,A,Asia-Pacific
AIRASIA X,MALAYSIA,A,Asia-Pacific
AIRBALTIC,LATVIA,E,Europe and CIS
AIRBLUE,PAKISTAN,A,Asia-Pacific
AIRCALIN,NEW CALEDONIA,A,Asia-Pacific
AIRCASTLE ADVISOR,UNITED STATES OF AMERICA,N,North America
AIRCRAFT PURCHASE FLEET,IRELAND,E,Europe and CIS
AIRHUB AIRLINES,MALTA,E,Europe and CIS
AIRX CHARTER,MALTA,E,Europe and CIS
AJET,TURKEY,E,Europe and CIS
AJW CAPITAL PARTNERS,BRITISH VIRGIN ISLANDS,L,Latin America & Caribbean
AL SAHAAB AIRCRAFT LEASING,KUWAIT,M,Middle East
ALAFCO,KUWAIT,M,Middle East
ALITALIA,ITALY,E,Europe and CIS
ALL NIPPON AIRWAYS,JAPAN,A,Asia-Pacific
ALLEGIANT AIR,UNITED STATES OF AMERICA,N,North America
ALMASRIA UNIVERSAL AIRLINES,EGYPT,F,Africa
ALPHASTREAM,SWITZERLAND,E,Europe and CIS
ALTAVAIR,UNITED STATES OF AMERICA,N,North America
ALTAVAIR UK,UNITED KINGDOM,E,Europe and CIS
AMELIA (REGOURD AVIATION),FRANCE,E,Europe and CIS
AMERICA WEST AIRLINES,UNITED STATES OF AMERICA,N,North America
AMERICAN AIRLINES,UNITED STATES OF AMERICA,N,North America
ANA HOLDINGS,JAPAN,A,Asia-Pacific
ANIMAWINGS,ROMANIA,E,Europe and CIS
ANSETT AUSTRALIA HOLDINGS,AUSTRALIA,A,Asia-Pacific
ARCTIC AVIATION ASSETS,IRELAND,E,Europe and CIS
ARIANA AFGHAN AIRLINES,AFGHANISTAN,M,Middle East
ARIK AIR,NIGERIA,F,Africa
ARKIA,ISRAEL,M,Middle East
ARUBA AIRLINES,ARUBA,L,Latin America & Caribbean
ASIANA AIRLINES,SOUTH KOREA,A,Asia-Pacific
ASIAWIDE,PHILIPPINES,A,Asia-Pacific
ASL AIRLINES IRELAND,IRELAND,E,Europe and CIS
ATA AIRLINES,IRAN,M,Middle East
ATLANTIC AIRWAYS,FAROE ISLANDS,E,Europe and CIS
ATLAS AIR,UNITED STATES OF AMERICA,N,North America
AURORA,RUSSIAN FEDERATION,E,Europe and CIS
AUSTRALIAN AIRLINES,AUSTRALIA,A,Asia-Pacific
AUSTRIAN AIRLINES,AUSTRIA,E,Europe and CIS
AVIA TRAFFIC COMPANY,KYRGYZSTAN,E,Europe and CIS
AVIANCA,COLOMBIA,L,Latin America & Caribbean
AVIANCA CARGO,COLOMBIA,L,Latin America & Caribbean
AVIANCA CARGO MEXICO,MEXICO,L,Latin America & Caribbean
AVIANCA ECUADOR,ECUADOR,L,Latin America & Caribbean
AVIANCA EL SALVADOR,EL SALVADOR,L,Latin America & Caribbean
AVIANCA GROUP INTERNATIONAL,COLOMBIA,L,Latin America & Caribbean
AVIATION CAPITAL GROUP,UNITED STATES OF AMERICA,N,North America
AVIATUR,MEXICO,L,Latin America & Caribbean
AVILEASE,SAUDI ARABIA,M,Middle East
AVION EXPRESS,LITHUANIA,E,Europe and CIS
AVION EXPRESS BRASIL,BRAZIL,L,Latin America & Caribbean
AVION EXPRESS MALTA,MALTA,E,Europe and CIS
AVIOR AIRLINES,VENEZUELA,L,Latin America & Caribbean
AVOLON,IRELAND,E,Europe and CIS
AWAS,IRELAND,E,Europe and CIS
AZERBAIJAN AIRLINES,AZERBAIJAN,E,Europe and CIS
AZMAN AIR,NIGERIA,F,Africa
AZORES AIRLINES,PORTUGAL,E,Europe and CIS
AZORRA,UNITED STATES OF AMERICA,N,North America
AZUL,BRAZIL,L,Latin America & Caribbean
AZUL FINANCE LLC,BRAZIL,L,Latin America & Caribbean
BALAIR - CTA,SWITZERLAND,E,Europe and CIS
BAMBOO AIRWAYS,VIETNAM,A,Asia-Pacific
BANGKOK AIRWAYS,THAILAND,A,Asia-Pacific
BATIK AIR,INDONESIA,A,Asia-Pacific
BATIK AIR MALAYSIA,MALAYSIA,A,Asia-Pacific
BBAM US,UNITED STATES OF AMERICA,N,North America
BBN AIRLINES (TURKEY),TURKEY,E,Europe and CIS
BBN AIRLINES THAILAND,THAILAND,A,Asia-Pacific
BEIJING CAPITAL AIRLINES,CHINA,A,Asia-Pacific
BELAVIA,BELARUS,E,Europe and CIS
BEOND,MALDIVES,A,Asia-Pacific
BERKUT AIR,KAZAKHSTAN,E,Europe and CIS
BERMUDAIR,BERMUDA,L,Latin America & Caribbean
BERNIQ AIRWAYS,LIBYA,F,Africa
BH AIR,BULGARIA,E,Europe and CIS
BHUTAN AIRLINES,BHUTAN,A,Asia-Pacific
BIMAN BANGLADESH AIRLINES,BANGLADESH,A,Asia-Pacific
BMED,UNITED KINGDOM,E,Europe and CIS
BMI,UNITED KINGDOM,E,Europe and CIS
BOC AVIATION,SINGAPORE,A,Asia-Pacific
BOCOM LEASING,CHINA,A,Asia-Pacific
BOLIVIANA DE AVIACION,BOLIVIA,L,Latin America & Caribbean
BOULLIOUN,UNITED STATES OF AMERICA,N,North America
BREEZE AIRWAYS,UNITED STATES OF AMERICA,N,North America
BRITISH AIRWAYS,UNITED KINGDOM,E,Europe and CIS
BRITISH CALEDONIAN,UNITED KINGDOM,E,Europe and CIS
BRUSSELS AIRLINES,BELGIUM,E,Europe and CIS
BUL AIR,BULGARIA,E,Europe and CIS
BULGARIA AIR,BULGARIA,E,Europe and CIS
BURAQ AIR,LIBYA,F,Africa
CALC,CHINA,A,Asia-Pacific
CAMBODIA AIRWAYS,CAMBODIA,A,Asia-Pacific
CANADIAN AIRLINES INTERNATIONAL,CANADA,N,North America
CARLYLE AVIATION PARTNERS,UNITED STATES OF AMERICA,N,North America
CARPATAIR,ROMANIA,E,Europe and CIS
CATHAY DRAGON,HONG KONG,A,Asia-Pacific
CATHAY PACIFIC,HONG KONG,A,Asia-Pacific
CATHAY PACIFIC AIRCRAFT SERVICES,HONG KONG,A,Asia-Pacific
CDB LEASING,CHINA,A,Asia-Pacific
CEBU PACIFIC,PHILIPPINES,A,Asia-Pacific
CHAIR AIRLINES,SWITZERLAND,E,Europe and CIS
CHAM WINGS AIRLINES,SYRIA,M,Middle East
CHENGDU AIRLINES,CHINA,A,Asia-Pacific
CHINA AIRLINES,TAIWAN,A,Asia-Pacific
CHINA AVIATION SUPPLIES COMPANY (CASC),CHINA,A,Asia-Pacific
CHINA EASTERN AIRLINES,CHINA,A,Asia-Pacific
CHINA EASTERN XIBEI AIRLINES,CHINA,A,Asia-Pacific
CHINA EXPRESS AIRLINES (HUAXIA AIRLINES),CHINA,A,Asia-Pacific
CHINA NORTHERN AIRLINES,CHINA,A,Asia-Pacific
CHINA SOUTHERN AIRLINES,CHINA,A,Asia-Pacific
CHONGQING AIRLINES,CHINA,A,Asia-Pacific
CIT LEASING,IRELAND,E,Europe and CIS
CITILINK,INDONESIA,A,Asia-Pacific
CITYBIRD,BELGIUM,E,Europe and CIS
CMA CGM,FRANCE,E,Europe and CIS
CMA CGM AIR CARGO,FRANCE,E,Europe and CIS
CMB FINANCIAL LEASING,CHINA,A,Asia-Pacific
COLORFUL GUIZHOU AIRLINES,CHINA,A,Asia-Pacific
COMMONWEALTH BANK OF AUSTRALIA,AUSTRALIA,A,Asia-Pacific
COMPAGNIE AFRICAINE D'AVIATION CAA,DEMOCRATIC REPUBLIC OF THE CONGO,F,Africa
CONDOR,GERMANY,E,Europe and CIS
CONDOR BERLIN,GERMANY,E,Europe and CIS
CONGO AIRWAYS,DEMOCRATIC REPUBLIC OF THE CONGO,F,Africa
CONTINENTAL AIRLINES,UNITED STATES OF AMERICA,N,North America
CONVIASA,VENEZUELA,L,Latin America & Caribbean
CORSAIR,GUADELOUPE,E,Europe and CIS
CROATIA AIRLINES,CROATIA,E,Europe and CIS
CROWN AIRLINES,LIBYA,F,Africa
CRUZEIRO DO SUL,BRAZIL,L,Latin America & Caribbean
CSA - CZECH AIRLINES,CZECH REPUBLIC,E,Europe and CIS
CYPRUS AIRWAYS,CYPRUS,E,Europe and CIS
DAE CAPITAL,UNITED ARAB EMIRATES,M,Middle East
DAE CIDRON,IRELAND,E,Europe and CIS
DAN AIR,ROMANIA,E,Europe and CIS
DAT LT,LITHUANIA,E,Europe and CIS
DELTA AIR LINES,UNITED STATES OF AMERICA,N,North America
DISCOVER AIRLINES,GERMANY,E,Europe and CIS
DRUK AIR,BHUTAN,A,Asia-Pacific
EASTERN AIRLINES,UNITED STATES OF AMERICA,N,North America
EASY CHARTER,GEORGIA,E,Europe and CIS
EASYJET,UNITED KINGDOM,E,Europe and CIS
ECUATORIANA DE AVIACION,ECUADOR,L,Latin America & Caribbean
EDELWEISS AIR,SWITZERLAND,E,Europe and CIS
EGYPTAIR,EGYPT,F,Africa
ELECTRA AIRWAYS,BULGARIA,E,Europe and CIS
EMIRATES,UNITED ARAB EMIRATES,M,Middle East
ETHIOPIAN AIRLINES,ETHIOPIA,F,Africa
ETIHAD AIRWAYS,UNITED ARAB EMIRATES,M,Middle East
EUROATLANTIC AIRWAYS,PORTUGAL,E,Europe and CIS
EUROPEAN AIR CHARTER,BULGARIA,E,Europe and CIS
EUROPEAN AIR TRANSPORT,GERMANY,E,Europe and CIS
EUROWINGS,GERMANY,E,Europe and CIS
EUROWINGS EUROPE MALTA,MALTA,E,Europe and CIS
EVA AIR,TAIWAN,A,Asia-Pacific
FEDEX,UNITED STATES OF AMERICA,N,North America
FIJI AIRWAYS,FIJI,A,Asia-Pacific
FINNAIR,FINLAND,E,Europe and CIS
FIRST CHOICE AIRWAYS,UNITED KINGDOM,E,Europe and CIS
FITS AVIATION,SRI LANKA,A,Asia-Pacific
FLIGHTLEASE,SWITZERLAND,E,Europe and CIS
FLY ADEN**,YEMEN,M,Middle East
FLY AIR41 AIRWAYS,CROATIA,E,Europe and CIS
FLY ALLWAYS,SURINAME,L,Latin America & Caribbean
FLY ERBIL**,IRAQ,M,Middle East
FLY EUROPE**,BULGARIA,E,Europe and CIS
FLY JINNAH,PAKISTAN,A,Asia-Pacific
FLY LILI,ROMANIA,E,Europe and CIS
FLY OYA,LIBYA,F,Africa
FLY VAAYU,UNITED ARAB EMIRATES,M,Middle East
FLY2SKY,BULGARIA,E,Europe and CIS
FLY2SKY  MALTA,MALTA,E,Europe and CIS
FLYADEAL,SAUDI ARABIA,M,Middle East
FLYARYSTAN,KAZAKHSTAN,E,Europe and CIS
FLYNAS,SAUDI ARABIA,M,Middle East
FLYONE,MOLDOVA,E,Europe and CIS
FLYONE ARMENIA,ARMENIA,E,Europe and CIS
FLYONE ASIA,UZBEKISTAN,E,Europe and CIS
FLYONE ROMANIA,ROMANIA,E,Europe and CIS
FLYYO,ROMANIA,E,Europe and CIS
FREEBIRD AIRLINES,TURKEY,E,Europe and CIS
FREEBIRD EUROPE,MALTA,E,Europe and CIS
FRENCH BEE,FRANCE,E,Europe and CIS
FRONTIER AIRLINES,UNITED STATES OF AMERICA,N,North America
FTL AIRLINES,FRANCE,E,Europe and CIS
GALAXY AIRLINES,JAPAN,A,Asia-Pacific
GALISTAIR,MALTA,E,Europe and CIS
GARUDA INDONESIA,INDONESIA,A,Asia-Pacific
GATX FLIGHTLEASE,SWITZERLAND,E,Europe and CIS
GB AIRWAYS,UNITED KINGDOM,E,Europe and CIS
GENERIC - UNKNOWN ENTITY,UNITED STATES OF AMERICA,N,North America
GERMANIA,GERMANY,E,Europe and CIS
GERMANWINGS,GERMANY,E,Europe and CIS
GETJET AIRLINES,LITHUANIA,E,Europe and CIS
GGAM BORROWER,IRELAND,E,Europe and CIS
GLOBAL AIRCRAFT TRADING,SINGAPORE,A,Asia-Pacific
GLOBAL AIRWAYS (SOUTH AFRICA),SOUTH AFRICA,F,Africa
GLOBAL AVIATION,IRAQ,M,Middle East
GLOBAL CROSSING AIRLINES,UNITED STATES OF AMERICA,N,North America
GO FIRST,INDIA,A,Asia-Pacific
"GOVERNMENTS, EXECUTIVE AND PRIVATE JETS",,,Unknown
GPA AIRBUS,IRELAND,E,Europe and CIS
GROUPE DUBREUIL,FRANCE,E,Europe and CIS
GRUPO MARSANS,SPAIN,E,Europe and CIS
GRUPO TACA,BAHAMAS,L,Latin America & Caribbean
GTLK,RUSSIAN FEDERATION,E,Europe and CIS
GUANGXI BEIBU GULF AIRLINES,CHINA,A,Asia-Pacific
GULF AIR,BAHRAIN,M,Middle East
GULLIVAIR,BULGARIA,E,Europe and CIS
HAINAN AIRLINES,CHINA,A,Asia-Pacific
HAMBURG INTERNATIONAL AIRLINES,GERMANY,E,Europe and CIS
HAPAGFLY,GERMANY,E,Europe and CIS
HAWAIIAN AIRLINES,UNITED STATES OF AMERICA,N,North America
HELLOJETS,ROMANIA,E,Europe and CIS
HESTON AIRLINES,LITHUANIA,E,Europe and CIS
HI FLY,MALTA,E,Europe and CIS
HIMALAYA AIRLINES,NEPAL,A,Asia-Pacific
HISKY,MOLDOVA,E,Europe and CIS
HISKY EUROPE,ROMANIA,E,Europe and CIS
HK EXPRESS,HONG KONG,A,Asia-Pacific
HONG KONG AIR CARGO,HONG KONG,A,Asia-Pacific
HONG KONG AIRLINES,HONG KONG,A,Asia-Pacific
HONG KONG INTERNATIONAL AVIATION LEASING,HONG KONG,A,Asia-Pacific
HSH NORDBANK,GERMANY,E,Europe and CIS
HUNGARY AIRLINES,HUNGARY,E,Europe and CIS
I FLY,RUSSIAN FEDERATION,E,Europe and CIS
IBERIA,SPAIN,E,Europe and CIS
IBERIA EXPRESS,SPAIN,E,Europe and CIS
IBEROJET,SPAIN,E,Europe and CIS
IBEROJET (PORTUGAL),PORTUGAL,E,Europe and CIS
IBOM AIR,NIGERIA,F,Africa
ICBC LEASING,CHINA,A,Asia-Pacific
ICELANDAIR,ICELAND,E,Europe and CIS
ILFC,UNITED STATES OF AMERICA,N,North America
INDIGO,INDIA,A,Asia-Pacific
INTERFLUG,GERMANY,E,Europe and CIS
INTERJET,MEXICO,L,Latin America & Caribbean
INTERNATIONAL AIRFINANCECORPORATION,UNITED ARAB EMIRATES,M,Middle East
INTERNATIONAL AIRLINES GROUP (IAG),UNITED KINGDOM,E,Europe and CIS
INTERNATIONAL AVIATION INVESTMENTS TRADING,UNITED ARAB EMIRATES,M,Middle East
IRAERO AIRLINES,RUSSIAN FEDERATION,E,Europe and CIS
IRAN AIR,IRAN,M,Middle East
IRAN AIR TOURS,IRAN,M,Middle East
IRAN ASEMAN AIRLINE,IRAN,M,Middle East
IRAQI AIRWAYS,IRAQ,M,Middle East
ISRAIR AIRLINES,ISRAEL,M,Middle East
ITA AIRWAYS,ITALY,E,Europe and CIS
JACKSON SQUARE AVIATION,UNITED STATES OF AMERICA,N,North America
JAPAN AIR SYSTEM,JAPAN,A,Asia-Pacific
JAPAN AIRLINES,JAPAN,A,Asia-Pacific
JAZEERA AIRWAYS,KUWAIT,M,Middle East
JDL AIRLINES,CHINA,A,Asia-Pacific
JET AIRWAYS (INDIA),INDIA,A,Asia-Pacific
JET2,UNITED KINGDOM,E,Europe and CIS
JET2.COM,UNITED KINGDOM,E,Europe and CIS
JETBLUE AIRWAYS,UNITED STATES OF AMERICA,N,North America
JETSMART (ARGENTINA),ARGENTINA,L,Latin America & Caribbean
JETSMART (CHILE),CHILE,L,Latin America & Caribbean
JETSTAR AIRWAYS,AUSTRALIA,A,Asia-Pacific
JETSTAR JAPAN,JAPAN,A,Asia-Pacific
JFS - JAPAN FLEET SERVICE,JAPAN,A,Asia-Pacific
JIN AIR,SOUTH KOREA,A,Asia-Pacific
JORDAN AVIATION,JORDAN,M,Middle East
JSC NOVATEK,RUSSIAN FEDERATION,E,Europe and CIS
JUNEYAO AIR,CHINA,A,Asia-Pacific
KAM AIR,AFGHANISTAN,M,Middle East
KAPAJET,GREECE,E,Europe and CIS
KAWASAKI LEASING INTERNATIONAL,JAPAN,A,Asia-Pacific
KENYA AIRWAYS,KENYA,F,Africa
KINGFISHER AIRLINES,INDIA,A,Asia-Pacific
KISH AIR,IRAN,M,Middle East
KLM ROYAL DUTCH AIRLINES,NETHERLANDS,E,Europe and CIS
KM MALTA AIRLINES,MALTA,E,Europe and CIS
KOREAN AIR,SOUTH KOREA,A,Asia-Pacific
KUWAIT AIRWAYS,KUWAIT,M,Middle East
LA COMPAGNIE,FRANCE,E,Europe and CIS
LAKER AIRWAYS,UNITED KINGDOM,E,Europe and CIS
LAO AIRLINES,LAOS,A,Asia-Pacific
LATAM AIRLINES BRASIL,BRAZIL,L,Latin America & Caribbean
LATAM AIRLINES GROUP,CHILE,L,Latin America & Caribbean
LAUDA EUROPE,MALTA,E,Europe and CIS
LEAF - LEASE AND FLY,MALTA,E,Europe and CIS
LEASE CORPORATION INTERNATIONAL,IRELAND,E,Europe and CIS
LEAV AVIATION,GERMANY,E,Europe and CIS
LEGEND AIRLINES,ROMANIA,E,Europe and CIS
LEISURE INTERNATIONAL AIRWAYS,UNITED KINGDOM,E,Europe and CIS
LERNER ENTERPRISES,UNITED STATES OF AMERICA,N,North America
LEVEL SPAIN,SPAIN,E,Europe and CIS
LEVU AIRCARGO,BRAZIL,L,Latin America & Caribbean
LIBYAN AIRLINES,LIBYA,F,Africa
LIBYAN WINGS,LIBYA,F,Africa
LION AIR,INDONESIA,A,Asia-Pacific
LONGJIANG AIRLINES,CHINA,A,Asia-Pacific
LOONG AIR,CHINA,A,Asia-Pacific
LOT POLISH AIRLINES,POLAND,E,Europe and CIS
LOTUS AIR,EGYPT,F,Africa
LTU,GERMANY,E,Europe and CIS
LUCKY AIR,CHINA,A,Asia-Pacific
LUFTHANSA,GERMANY,E,Europe and CIS
LUFTHANSA CITY AIRLINES,GERMANY,E,Europe and CIS
MAB LEASING,MALAYSIA,A,Asia-Pacific
MACQUARIE AIRFINANCE (US),UNITED STATES OF AMERICA,N,North America
MACQUARIE FINANCIAL HOLDINGS,AUSTRALIA,A,Asia-Pacific
MAHAN AIR,IRAN,M,Middle East
MALAYSIA AIRLINES,MALAYSIA,A,Asia-Pacific
MALDIVIAN,MALDIVES,A,Asia-Pacific
MALTA MEDAIR,MALTA,E,Europe and CIS
MARABU AIRLINES,ESTONIA,E,Europe and CIS
MARTINAIR,NETHERLANDS,E,Europe and CIS
MASAIR,MEXICO,L,Latin America & Caribbean
MEDSKY AIRWAYS,LIBYA,F,Africa
MERAJ AIR,IRAN,M,Middle East
MERIDIAN AIR COMPANY,RUSSIAN FEDERATION,E,Europe and CIS
MERIDIAN AVIATION PARTNERS LIMITED,IRELAND,E,Europe and CIS
MEXICANA DE AVIACION,MEXICO,L,Latin America & Caribbean
MG AVIATION,HONG KONG,A,Asia-Pacific
MIDDLE EAST AIRLINES,LEBANON,M,Middle East
MNG AIRLINES CARGO,TURKEY,E,Europe and CIS
MONARCH AIRLINES,UNITED KINGDOM,E,Europe and CIS
MONGOLIAN AIRWAYS INTERNATIONAL,MONGOLIA,A,Asia-Pacific
MUKHTARA AIR,INDONESIA,A,Asia-Pacific
MY FREIGHTER,UZBEKISTAN,E,Europe and CIS
MYANMAR AIRWAYS INTERNATIONAL,BURMA,A,Asia-Pacific
MYTRAVEL AIRWAYS,UNITED KINGDOM,E,Europe and CIS
NACIL - INDIAN AIRLINES,INDIA,A,Asia-Pacific
NAS AVIATION SERVICES,UNITED STATES OF AMERICA,N,North America
NATIONAL AIRLINES,UNITED STATES OF AMERICA,N,North America
NATIONAL JET SYSTEMS,AUSTRALIA,A,Asia-Pacific
NEPAL AIRLINES,NEPAL,A,Asia-Pacific
NESMA AIRLINES,EGYPT,F,Africa
NETWORK AVIATION,AUSTRALIA,A,Asia-Pacific
NIGERIA AIRWAYS,NIGERIA,F,Africa
NIKI,AUSTRIA,E,Europe and CIS
NILE AIR,EGYPT,F,Africa
NORDWIND AIRLINES,RUSSIAN FEDERATION,E,Europe and CIS
NORTH-WEST AIR COMPANY,RUSSIAN FEDERATION,E,Europe and CIS
NORTHWEST AIRLINES,UNITED STATES OF AMERICA,N,North America
NOUVELAIR TUNISIE,TUNISIA,F,Africa
OASIS GROUP,MEXICO,L,Latin America & Caribbean
OHA CENTRE STREET AIRCRAFT HOLDCO,UNITED STATES OF AMERICA,N,North America
OLYMPIC AIRLINES,GREECE,E,Europe and CIS
OMAN AIR,OMAN,M,Middle East
ONUR AIR,TURKEY,E,Europe and CIS
ORBEST ORIZONIA,SPAIN,E,Europe and CIS
ORIX CORPORATION,JAPAN,A,Asia-Pacific
PACIFIC AIRLINES,VIETNAM,A,Asia-Pacific
PAKISTAN INTERNATIONAL AIRLINES,PAKISTAN,A,Asia-Pacific
PAL EXPRESS,PHILIPPINES,A,Asia-Pacific
PAN AM,UNITED STATES OF AMERICA,N,North America
PARATA AIR,SOUTH KOREA,A,Asia-Pacific
PEACH,JAPAN,A,Asia-Pacific
PEGASUS AIRLINES,TURKEY,E,Europe and CIS
PELITA AIR SERVICE,INDONESIA,A,Asia-Pacific
PEMBROKE AIRCRAFT LEASING 4 LTD,UNITED KINGDOM,E,Europe and CIS
PHILIPPINE AIRLINES,PHILIPPINES,A,Asia-Pacific
PILIPINAS ASIAN PEARL AIRWAYS,PHILIPPINES,A,Asia-Pacific
PLUS ULTRA,SPAIN,E,Europe and CIS
POLARIS,UNITED STATES OF AMERICA,N,North America
PRADHAAN AIR EXPRESS,INDIA,A,Asia-Pacific
PRIVILEGE STYLE,SPAIN,E,Europe and CIS
QANOT SHARQ AIRLINES,UZBEKISTAN,E,Europe and CIS
QANTAS AIRWAYS,AUSTRALIA,A,Asia-Pacific
QANTAS FREIGHT,AUSTRALIA,A,Asia-Pacific
QATAR AIRWAYS,QATAR,M,Middle East
QESHM AIR,IRAN,M,Middle East
QINGDAO AIRLINES,CHINA,A,Asia-Pacific
RAYA AIRWAYS,MALAYSIA,A,Asia-Pacific
RED WINGS AIRLINES,RUSSIAN FEDERATION,E,Europe and CIS
RIYADH AIR,SAUDI ARABIA,M,Middle East
ROSSIYA AIRLINES,RUSSIAN FEDERATION,E,Europe and CIS
ROYAL AIR MAROC,MOROCCO,F,Africa
ROYAL AIR PHILIPPINES,PHILIPPINES,A,Asia-Pacific
ROYAL BRUNEI AIRLINES,BRUNEI DARUSSALAM,A,Asia-Pacific
ROYAL ESWATINI NATIONAL AIRWAYS CORPORATION,SWAZILAND,F,Africa
ROYAL JORDANIAN,JORDAN,M,Middle East
RWANDAIR,RWANDA,F,Africa
S7 AIRLINES,RUSSIAN FEDERATION,E,Europe and CIS
SABENA,BELGIUM,E,Europe and CIS
SAFI AIRWAYS,AFGHANISTAN,M,Middle East
SALAM AIR S.A.O.C,OMAN,M,Middle East
SAS,SWEDEN,E,Europe and CIS
SAUDIA,SAUDI ARABIA,M,Middle East
SAUDIGULF AIRLINES,SAUDI ARABIA,M,Middle East
SCOOT,SINGAPORE,A,Asia-Pacific
SERENEAIR,PAKISTAN,A,Asia-Pacific
SHANGHAI AIRLINES,CHINA,A,Asia-Pacific
SHENZHEN AIRLINES,CHINA,A,Asia-Pacific
SHOHIN AIRLINES*,TAJIKISTAN,E,Europe and CIS
SHOROUK AIR,EGYPT,F,Africa
SICHUAN AIRLINES,CHINA,A,Asia-Pacific
SILK WAY WEST AIRLINES,AZERBAIJAN,E,Europe and CIS
SILKAIR,SINGAPORE,A,Asia-Pacific
SINGAPORE AIRLINES,SINGAPORE,A,Asia-Pacific
SKY AIRLINE,CHILE,L,Latin America & Caribbean
SKY ANGKOR AIRLINES,CAMBODIA,A,Asia-Pacific
SKY EXPRESS (GREECE),GREECE,E,Europe and CIS
SKY VISION AIRLINES,EGYPT,F,Africa
SKYSERV,GREECE,E,Europe and CIS
SKYTRANS AUSTRALIA,AUSTRALIA,A,Asia-Pacific
SMARTAVIA AIRLINES,RUSSIAN FEDERATION,E,Europe and CIS
SMARTWINGS CZECHIA,CZECH REPUBLIC,E,Europe and CIS
SMBC AVIATION CAPITAL,IRELAND,E,Europe and CIS
SOLINAIR,SLOVENIA,E,Europe and CIS
SOLOMON AIRLINES,SOLOMON ISLANDS,A,Asia-Pacific
SOMALI AIRLINES,SOMALIA,F,Africa
SOUTH AFRICAN AIRWAYS,SOUTH AFRICA,F,Africa
SOUTHWIND AIRLINES,TURKEY,E,Europe and CIS
SPANAIR,SPAIN,E,Europe and CIS
SPIRIT AIRLINES,UNITED STATES OF AMERICA,N,North America
SPRING AIRLINES,CHINA,A,Asia-Pacific
SPRING JAPAN,JAPAN,A,Asia-Pacific
SPRINGJET,PORTUGAL,E,Europe and CIS
SRILANKAN AIRLINES,SRI LANKA,A,Asia-Pacific
STAR EAST AIRLINE,ROMANIA,E,Europe and CIS
STARFLYER,JAPAN,A,Asia-Pacific
STARLUX AIRLINES,TAIWAN,A,Asia-Pacific
SU AIRLINES,GAMBIA,F,Africa
SUDAN AIRWAYS,SUDAN,F,Africa
SUMISHO AIR LEASE,UNITED STATES OF AMERICA,N,North America
SUN PHUQUOC AIRWAYS,VIETNAM,A,Asia-Pacific
SUNCLASS AIRLINES,DENMARK,E,Europe and CIS
SUNDAIR,GERMANY,E,Europe and CIS
SUPER AIR JET,INDONESIA,A,Asia-Pacific
SWIFTAIR,SPAIN,E,Europe and CIS
SWISS,SWITZERLAND,E,Europe and CIS
SWISSAIR,SWITZERLAND,E,Europe and CIS
SYNERGY AEROSPACE,BRAZIL,L,Latin America & Caribbean
SYRIANAIR,SYRIA,M,Middle East
TAAG ANGOLA AIRLINES,ANGOLA,F,Africa
TABAN AIR,IRAN,M,Middle East
TAP AIR PORTUGAL,PORTUGAL,E,Europe and CIS
TAROM,ROMANIA,E,Europe and CIS
TASHKENT AIR,UZBEKISTAN,E,Europe and CIS
TEXAS AVIATION GROUP,UNITED STATES OF AMERICA,N,North America
THAI AIRWAYS,THAILAND,A,Asia-Pacific
THOMAS COOK AG,GERMANY,E,Europe and CIS
THREE TWENTY HOLDINGS,BERMUDA,L,Latin America & Caribbean
TIANJIN AIRLINES,CHINA,A,Asia-Pacific
TIGERAIR AUSTRALIA,AUSTRALIA,A,Asia-Pacific
TIGERAIR TAIWAN,TAIWAN,A,Asia-Pacific
TIMAERO IRELAND,IRELAND,E,Europe and CIS
TITAN AIRWAYS,UNITED KINGDOM,E,Europe and CIS
TM AEROLINEAS S.A. DE C.V (AWESOME CARGO),MEXICO,L,Latin America & Caribbean
TRADE AIR,CROATIA,E,Europe and CIS
TRANS EUROPEAN AIRWAYS,BELGIUM,E,Europe and CIS
TRANSASIA AIRWAYS,TAIWAN,A,Asia-Pacific
TRANSAVIA,NETHERLANDS,E,Europe and CIS
TRANSAVIA FRANCE,FRANCE,E,Europe and CIS
TRANSNUSA AIR SERVICES,INDONESIA,A,Asia-Pacific
TRINITY AIRWAYS,SOUTH KOREA,A,Asia-Pacific
TUI TRAVEL AVIATION FINANCE,GERMANY,E,Europe and CIS
TUNISAIR,TUNISIA,F,Africa
TURKISH AIRLINES,TURKEY,E,Europe and CIS
TURKMENISTAN AIRLINES,TURKMENISTAN,E,Europe and CIS
TUS AIRWAYS,CYPRUS,E,Europe and CIS
TUS IL,ISRAEL,M,Middle East
U.T.A.,FRANCE,E,Europe and CIS
UGANDA AIRLINES,UGANDA,F,Africa
ULS AIRLINES CARGO,TURKEY,E,Europe and CIS
UNDISCLOSED,UNDISCLOSED,UNDISCLOSED,Unknown
UNITED AIRLINES,UNITED STATES OF AMERICA,N,North America
UPS,UNITED STATES OF AMERICA,N,North America
URAL AIRLINES,RUSSIAN FEDERATION,E,Europe and CIS
US AIRWAYS,UNITED STATES OF AMERICA,N,North America
US-BANGLA AIRLINES,BANGLADESH,A,Asia-Pacific
USC,GERMANY,E,Europe and CIS
UTAIR AVIATION,RUSSIAN FEDERATION,E,Europe and CIS
UZBEKISTAN AIRWAYS,UZBEKISTAN,E,Europe and CIS
V.A.S.P.,BRAZIL,L,Latin America & Caribbean
VALLETTA AIRLINES,MALTA,E,Europe and CIS
VARIG,BRAZIL,L,Latin America & Caribbean
VIETJET AIR,VIETNAM,A,Asia-Pacific
VIETNAM AIRCRAFT LEASING COMPANY (VALC),VIETNAM,A,Asia-Pacific
VIETNAM AIRLINES,VIETNAM,A,Asia-Pacific
VIETRAVEL AIRLINES,VIETNAM,A,Asia-Pacific
VIRGIN AMERICA,UNITED STATES OF AMERICA,N,North America
VIRGIN ATLANTIC AIRWAYS,UNITED KINGDOM,E,Europe and CIS
VIRGIN AUSTRALIA REGIONAL AIRLINES,AUSTRALIA,A,Asia-Pacific
VISTARA,INDIA,A,Asia-Pacific
VIVA,MEXICO,L,Latin America & Caribbean
VIVA AIR,COLOMBIA,L,Latin America & Caribbean
VIVA AIR COLOMBIA,COLOMBIA,L,Latin America & Caribbean
VOLARIS,MEXICO,L,Latin America & Caribbean
VOLOTEA,SPAIN,E,Europe and CIS
VOYAGE AIR,BULGARIA,E,Europe and CIS
VOYAGER AVIATION HOLDINGS,UNITED STATES OF AMERICA,N,North America
VUELING,SPAIN,E,Europe and CIS
WAHA CAPITAL,UNITED ARAB EMIRATES,M,Middle East
WAMOS AIR,SPAIN,E,Europe and CIS
WARDAIR CANADA,CANADA,N,North America
WARSAW CARGO,POLAND,E,Europe and CIS
WEST AIR,CHINA,A,Asia-Pacific
WHITE AIRWAYS,PORTUGAL,E,Europe and CIS
WINDROSE AIRLINES,UKRAINE,E,Europe and CIS
WIZZ AIR,HUNGARY,E,Europe and CIS
WIZZ AIR MALTA,MALTA,E,Europe and CIS
WORLD2FLY,SPAIN,E,Europe and CIS
WORLD2FLY PORTUGAL,PORTUGAL,E,Europe and CIS
WOW AIR,ICELAND,E,Europe and CIS
XIAMEN AIRLINES,CHINA,A,Asia-Pacific
XIZANG AIRLINES,CHINA,A,Asia-Pacific
YAMAL AIRLINES,RUSSIAN FEDERATION,E,Europe and CIS
YEMENIA,YEMEN,M,Middle East
Z/C AVIATION PARTNERS ONE,UNITED STATES OF AMERICA,N,North America
ZAGROS AIRLINES,IRAN,M,Middle East
